BES CRM Full Infrastructure Build Tracker,,,,,,,
,,,,,,,
Project,Client,Start Date,Target Go-Live,Build Window,Support Window,Project Lead,Status
GHL Full Infrastructure Build,56,,,,3 months,4
,,,,,,,
Phase,Target Window,Total Tasks,Completed,Blocked/Waiting,% Complete,,
PHASE 0 - ACCESS & LOCK,Day 0-5,24,0,14,0,,
PHASE 1 - FOUNDATION,Day 5-18,39,0,0,0,,
PHASE 2 - AUTOMATIONS,Day 15-30,30,0,0,0,,
PHASE 3 - INTEGRATIONS,Day 25-38,18,0,0,0,,
PHASE 4 - OPTIMIZATION,Day 35-45,12,0,0,0,,
PHASE 5 - QA & DELIVERY,Final QA Day 38-45,17,0,0,0,,
,,,,,,,
,,,,,,,
Strategic Build Standard,,,,,,,
"This tracker is built for full GHL business infrastructure projects, not snapshot installs. Use it to manage 30-45 day builds for credit repair, business funding, commercial funding, business acquisition, business setup assistance, real estate/broker, tax preparer, coaching, education, and related regulated or compliance-sensitive business niches. Phase 5 is QA/delivery, and the 3-month support period should begin after final delivery/sign-off."
,,,,,,,
,,,,,,,
,,,,,,,
,,,,,,,
,,,,,,,
,,,,,,,
,,,,,,,
,,,,,,,
,,,,,,,
,,,,,,,
,,,,,,,
,,,,,,,
,,,,,,,
,,,,,,,
,,,,,,,
,,,,,,,
,,,,,,,
,,,,,,,
